run,demand,policy,step,avg_wait_time,avg_journey_time,stair_switch_rate,elevator_utilization,avg_student_wait,avg_faculty_wait,avg_staff_wait,equity_student_faculty,equity_student_staff
1,low,FCFS,10800,27.752650176678443,50.15547703180212,0.03180212014134275,0.26571428571428574,27.558823529411764,14.555555555555555,28.393203883495147,1.8933542882801977,0.9706133778524232
2,medium,FCFS,10800,33.43639921722114,61.12720156555773,0.03522504892367906,0.3600952380952381,41.38461538461539,27.24137931034483,25.846808510638297,1.5191820837390457,1.601149920214787
3,high,FCFS,10800,40.75414012738854,73.40382165605095,0.0751592356687898,0.40476190476190477,45.08679245283019,26.22,33.09756097560975,1.7195573017860484,1.3622391234827103
4,low,Priority-based,10800,47.604026845637584,68.96308724832215,0.2684563758389262,0.1838095238095238,46.47435897435897,40.54545454545455,48.39712918660287,1.1462285845693916,0.9602709862225433
5,medium,Priority-based,10800,39.82212581344903,66.77657266811279,0.09544468546637744,0.30323809523809525,44.16814159292036,40.529411764705884,34.81592039800995,1.089779981247672,1.2686190997680753
6,high,Priority-based,10800,54.1890243902439,85.65,0.22439024390243903,0.37552380952380954,53.491743119266054,44.18518518518518,58.35294117647059,1.210626206387413,0.9166931784551643
7,low,Zone batching,10800,31.88562091503268,51.869281045751634,0.10457516339869281,0.23314285714285715,36.829268292682926,43.72727272727273,29.370892018779344,0.8422493788347447,1.2539376832387248
8,medium,Zone batching,10800,40.907725321888414,67.44206008583691,0.148068669527897,0.33180952380952383,43.041666666666664,45.6578947368421,37.223404255319146,0.9426993275696446,1.1563065637801277
9,high,Zone batching,10800,55.67657992565056,86.07063197026022,0.27757125154894674,0.29619047619047617,55.970856102003644,48.166666666666664,56.872549019607845,1.1620246941592454,0.9841453753498313
10,low,FCFS,10800,26.88372093023256,46.85049833887043,0.04983388704318937,0.2342857142857143,26.231884057971016,18.9,27.445945945945947,1.38793037343762,0.955765347262361
11,medium,FCFS,10800,35.186858316221766,63.558521560574945,0.049281314168377825,0.3580952380952381,38.71861471861472,28.666666666666668,32.442477876106196,1.3506493506493504,1.1934542998372784
12,high,FCFS,10800,40.702319587628864,73.02448453608247,0.08118556701030928,0.3852380952380952,45.266129032258064,24.671641791044777,35.117370892018776,1.83474328200925,1.288995385544247
13,low,Priority-based,10800,43.73076923076923,65.33216783216783,0.23076923076923078,0.1819047619047619,49.050632911392405,44.5,41.52820512820513,1.102261413739155,1.1811402096470138
14,medium,Priority-based,10800,44.813747228381374,69.19068736141907,0.15964523281596452,0.2866666666666667,47.587443946188344,40.57692307692308,42.2970297029703,1.1727711304273905,1.1250776775667188
15,high,Priority-based,10800,49.70611183355007,80.30819245773732,0.15734720416124837,0.41523809523809524,47.6265306122449,40.43181818181818,55.77872340425532,1.1779467942320268,0.8538476269360353
16,low,Zone batching,10800,31.01360544217687,51.3843537414966,0.06802721088435375,0.2502857142857143,38.20779220779221,50.375,26.71641791044776,0.7584673391125004,1.430124065878256
17,medium,Zone batching,10800,46.39148936170213,72.97659574468085,0.16170212765957448,0.30714285714285716,44.388888888888886,40.5,49.817708333333336,1.0960219478737996,0.8910263112040424
18,high,Zone batching,10800,51.29265091863517,83.07874015748031,0.18503937007874016,0.37133333333333335,47.81712062256809,46.60377358490566,61.728205128205126,1.0260353817798011,0.774639737592488
19,low,FCFS,10800,22.95985401459854,43.40875912408759,0.01824817518248175,0.23238095238095238,33.87671232876713,25.571428571428573,18.502673796791445,1.3247876329685468,1.8309090189246973
20,medium,FCFS,10800,35.29124236252546,63.30549898167006,0.06517311608961303,0.30857142857142855,41.00796812749004,28.463414634146343,29.487437185929647,1.4407255297575763,1.390692852312631
21,high,FCFS,10800,41.12643678160919,73.74201787994892,0.06896551724137931,0.394,44.829944547134936,28.70212765957447,33.84615384615385,1.5619031828875773,1.324521088892623
22,low,Priority-based,10800,37.93023255813954,59.25581395348837,0.19601328903654486,0.20666666666666667,46.625,41.5,34.328502415458935,1.1234939759036144,1.3582008162116521
23,medium,Priority-based,10800,42.891304347826086,70.39347826086957,0.14782608695652175,0.31047619047619046,44.02564102564103,43.275862068965516,41.48730964467005,1.0173255695168046,1.06118332094106
24,high,Priority-based,10800,49.37772397094431,81.41888619854721,0.1549636803874092,0.3904761904761905,48.64556962025316,43.297872340425535,52.43362831858407,1.1235094703449133,0.9277551674411152
25,low,Zone batching,10800,38.265573770491805,59.71475409836066,0.14426229508196722,0.22247619047619047,42.707317073170735,48.09090909090909,36.0377358490566,0.8880538521831344,1.185072149150811
26,medium,Zone batching,10800,54.439824945295406,81.81181619256017,0.3282275711159737,0.2419047619047619,49.472103004291846,51.642857142857146,60.744897959183675,0.957966033278127,0.8144240037662692
27,high,Zone batching,10800,47.66709183673469,79.33801020408163,0.17091836734693877,0.3892380952380952,48.67741935483871,42.214285714285715,46.53731343283582,1.153102996561323,1.0459868815824866
28,low,FCFS,10800,26.734006734006734,46.92929292929293,0.050505050505050504,0.24142857142857144,30.986842105263158,24.615384615384617,25.3125,1.2588404605263157,1.2241715399610136
29,medium,FCFS,10800,33.855345911949684,62.9727463312369,0.03773584905660377,0.3523809523809524,38.21030042918455,21.2,31.618090452261306,1.8023726617539881,1.208494880071158
30,high,FCFS,10800,42.06153846153846,75.08589743589744,0.08974358974358974,0.3698095238095238,46.38537549407115,26.0,36.10502283105023,1.7840529036181212,1.2847346949793323
31,low,Priority-based,10800,44.5,67.26428571428572,0.2571428571428571,0.1719047619047619,52.18181818181818,48.69230769230769,41.1,1.0716645124228061,1.269630612696306
32,medium,Priority-based,10800,48.55402298850575,75.57701149425287,0.29195402298850576,0.23904761904761904,51.611374407582936,50.170731707317074,44.666666666666664,1.0287148034569278,1.155478531513051
33,high,Priority-based,10800,55.513959390862944,86.49111675126903,0.22715736040609136,0.36047619047619045,55.55725190839695,48.583333333333336,56.949074074074076,1.1435454938263523,0.9755602318684449
34,low,Zone batching,10800,34.85113268608414,55.89967637540453,0.08414239482200647,0.2542857142857143,35.30379746835443,44.5,34.06018518518518,0.7933437633338074,1.0365121996961475
35,medium,Zone batching,10800,41.62761506276151,67.25732217573221,0.15481171548117154,0.31885714285714284,42.95983935742972,50.82051282051282,37.99473684210526,0.845324790585146,1.1306786920503737
36,high,Zone batching,10800,66.7825484764543,101.92659279778394,0.5249307479224377,0.27666666666666667,68.42557651991615,49.36538461538461,67.41450777202073,1.386104393858839,1.014997791741128
37,low,FCFS,10800,25.24092409240924,47.64356435643565,0.033003300330033,0.2557142857142857,32.56818181818182,19.4375,22.467336683417084,1.6755334697456885,1.4495791057522216
38,medium,FCFS,10800,34.00968523002421,59.9636803874092,0.05084745762711865,0.28295238095238096,37.91237113402062,25.307692307692307,31.259067357512954,1.498057218061605,1.2128439630144172
39,high,FCFS,10800,42.5880829015544,76.68523316062176,0.07901554404145078,0.3757142857142857,48.38269230769231,29.26,30.97029702970297,1.6535438245964562,1.5622288756639782
40,low,Priority-based,10800,37.21602787456446,59.710801393728225,0.12195121951219512,0.25333333333333335,39.23529411764706,40.05263157894737,35.98360655737705,0.9795934142382313,1.0903658046362052
41,medium,Priority-based,10800,54.274193548387096,82.65927419354838,0.3084677419354839,0.26904761904761904,55.66938775510204,44.76470588235294,54.1889400921659,1.2435999892729759,1.0273201073949436
42,high,Priority-based,10800,54.59922680412371,86.56056701030928,0.2925257731958763,0.35904761904761906,53.57142857142857,41.95652173913044,61.72959183673469,1.2768319763138414,0.8678403173816018
43,low,Zone batching,10800,33.71636363636364,53.63636363636363,0.11636363636363636,0.232,37.67142857142857,42.166666666666664,31.756476683937823,0.8933935629587804,1.1862597021187329
44,medium,Zone batching,10800,47.71369294605809,74.97717842323651,0.21784232365145229,0.32142857142857145,52.21848739495798,42.027027027027025,43.55072463768116,1.2424977708125051,1.1990268320306492
45,high,Zone batching,10800,50.733170134638925,82.2141982864137,0.17747858017135862,0.3952380952380952,49.23034734917733,39.679245283018865,57.22119815668203,1.2407077553525434,0.8603515643691294
46,low,FCFS,10800,25.983922829581992,46.01929260450161,0.01929260450160772,0.27904761904761904,29.698630136986303,27.857142857142858,24.65625,1.0661046715841236,1.2045071791933608
47,medium,FCFS,10800,33.3552036199095,59.7579185520362,0.03167420814479638,0.31247619047619046,40.43867924528302,26.36842105263158,26.916666666666668,1.5336026061085377,1.5023657923944156
48,high,FCFS,10800,41.76245210727969,74.41123882503193,0.09067688378033206,0.40095238095238095,45.56866537717602,30.215686274509803,35.348837209302324,1.5081128710162084,1.2891135600122163
49,low,Priority-based,10800,32.70358306188925,53.40065146579805,0.08794788273615635,0.23904761904761904,33.50684931506849,41.54545454545455,32.00448430493274,0.8065105962051496,1.0469423283256654
50,medium,Priority-based,10800,45.57377049180328,72.44262295081967,0.17008196721311475,0.2958095238095238,42.705627705627705,44.03030303030303,48.75892857142857,0.9699144626880346,0.8758524634737783
51,high,Priority-based,10800,51.018450184501845,83.36162361623616,0.18696186961869618,0.3576190476190476,52.21616541353384,40.59016393442623,51.013636363636365,1.286424107522441,1.0235726981179225
52,low,Zone batching,10800,47.33980582524272,71.09061488673139,0.2912621359223301,0.21571428571428572,58.848837209302324,55.857142857142854,42.48148148148148,1.05355974543508,1.3852821313436467
53,medium,Zone batching,10800,47.7037037037037,75.01440329218107,0.1646090534979424,0.32295238095238094,45.59016393442623,44.371428571428574,50.75845410628019,1.0274666694815955,0.8981787317432407
54,high,Zone batching,10800,67.37931034482759,104.24137931034483,0.4994054696789536,0.3097142857142857,67.19166666666666,53.763636363636365,72.01075268817205,1.2497604554165256,0.9330782439898461
55,low,FCFS,10800,29.904024767801857,50.98142414860681,0.04024767801857585,0.2571428571428571,37.795180722891565,22.25,27.82547169811321,1.6986598077704074,1.3582943402700478
56,medium,FCFS,10800,35.97265625,62.66796875,0.048828125,0.3222857142857143,41.03501945525292,26.58139534883721,31.74056603773585,1.5437496382991038,1.2928256983970308
57,high,FCFS,10800,44.14336917562724,76.64396654719235,0.1039426523297491,0.38171428571428573,47.25429553264605,33.589285714285715,38.015075376884425,1.4068264486061555,1.2430409532050974
58,low,Priority-based,10800,39.618374558303884,61.696113074204945,0.2049469964664311,0.18285714285714286,46.4125,47.125,36.06951871657754,0.9848806366047745,1.2867512972572277
59,medium,Priority-based,10800,48.0811320754717,75.27358490566037,0.18490566037735848,0.3414285714285714,51.003861003861005,48.18181818181818,44.88655462184874,1.058570700080134,1.1362837142112627
60,high,Priority-based,10800,50.702564102564104,81.06923076923077,0.16794871794871793,0.37285714285714283,48.75757575757576,41.0377358490566,58.437185929648244,1.188115639150122,0.8343587217953027
61,low,Zone batching,10800,33.1608832807571,53.35015772870663,0.08832807570977919,0.2542857142857143,36.6551724137931,46.5,31.31081081081081,0.7882832777159807,1.1706874227970177
62,medium,Zone batching,10800,50.86534216335541,78.45916114790288,0.2229580573951435,0.2899047619047619,49.53508771929825,48.45161290322581,52.81443298969072,1.0223619968696709,0.9379081609939351
63,high,Zone batching,10800,52.35432098765432,84.57530864197531,0.21604938271604937,0.3595238095238095,52.476950354609926,41.642857142857146,55.14736842105263,1.2601669038842862,0.9515766909119951
64,low,FCFS,10800,31.72972972972973,53.069069069069066,0.06306306306306306,0.23904761904761904,34.056179775280896,23.944444444444443,31.43362831858407,1.4222998514038425,1.083431394878024
65,medium,FCFS,10800,34.32203389830509,62.96822033898305,0.0423728813559322,0.3628571428571429,36.62240663900415,27.857142857142858,32.32857142857143,1.3146504947334823,1.132818588038131
66,high,FCFS,10800,41.80429292929293,73.79545454545455,0.08964646464646464,0.38571428571428573,45.573584905660375,30.17241379310345,35.318627450980394,1.5104388140161724,1.29035549212418
67,low,Priority-based,10800,47.07432432432432,68.4054054054054,0.3108108108108108,0.16,59.2027027027027,59.125,42.429906542056074,1.0013142106165362,1.3953059888081916
68,medium,Priority-based,10800,47.57230142566191,75.10997963340122,0.1934826883910387,0.3242857142857143,49.49609375,44.588235294117645,45.62686567164179,1.1100707041556728,1.084801531321557
69,high,Priority-based,10800,52.18147684605757,82.69962453066333,0.21401752190237797,0.3761904761904762,50.14051094890511,43.407407407407405,60.263959390862944,1.155114160085698,0.8320148801326067
70,low,Zone batching,10800,32.183229813664596,52.67080745341615,0.12111801242236025,0.24666666666666667,42.51282051282051,40.5625,28.06140350877193,1.0480818616411836,1.5149926659773485
71,medium,Zone batching,10800,47.57142857142857,74.15264187866927,0.17416829745596868,0.3080952380952381,47.170124481327804,48.16129032258065,47.89958158995816,0.9794198653189296,0.9847711173163299
72,high,Zone batching,10800,54.550943396226415,86.60754716981133,0.2691823899371069,0.3585714285714286,56.69548872180451,45.12244897959184,51.37850467289719,1.256480754124116,1.103486547200197
73,low,FCFS,10800,28.265822784810126,48.28481012658228,0.04430379746835443,0.2261904761904762,31.696629213483146,21.11111111111111,27.160550458715598,1.5014192785334122,1.1670098241073004
74,medium,FCFS,10800,38.002197802197806,64.96923076923076,0.06813186813186813,0.30857142857142855,40.28251121076233,29.566666666666666,36.73762376237624,1.362429916936719,1.096492017864707
75,high,FCFS,10800,41.3979721166033,74.87832699619771,0.08745247148288973,0.3932380952380952,46.17272727272727,23.745454545454546,32.40217391304348,1.9444869831546707,1.4249885639352262
76,low,Priority-based,10800,39.07046979865772,61.26845637583892,0.20469798657718122,0.21714285714285714,54.50769230769231,44.125,34.07373271889401,1.2353018086729135,1.5996983000769855
77,medium,Priority-based,10800,46.52609603340292,73.22755741127348,0.14822546972860126,0.3219047619047619,45.7436974789916,47.41379310344828,47.283018867924525,0.9647761650114591,0.9674445197073244
78,high,Priority-based,10800,52.09825870646766,83.3818407960199,0.19776119402985073,0.38476190476190475,51.41530054644809,41.96363636363636,56.76,1.2252346317394476,0.9058368665688529
79,low,Zone batching,10800,31.10544217687075,50.374149659863946,0.11224489795918367,0.23238095238095238,34.529411764705884,47.07142857142857,28.952830188679247,0.7335535124520218,1.1926092039944032
80,medium,Zone batching,10800,43.15923566878981,69.76008492569002,0.15074309978768577,0.29428571428571426,44.858333333333334,42.0,41.292929292929294,1.0680555555555555,1.0863441780821919
81,high,Zone batching,10800,51.08574879227053,83.15942028985508,0.18840579710144928,0.39476190476190476,48.71731448763251,40.25423728813559,60.83743842364532,1.2102406546401339,0.8007785296347691
82,low,FCFS,10800,23.530201342281877,43.87919463087248,0.010067114093959731,0.2538095238095238,23.971830985915492,22.307692307692307,23.457943925233646,1.0745993200582806,1.0219067392402221
83,medium,FCFS,10800,33.418219461697724,61.175983436853,0.051759834368530024,0.32,35.6328125,29.166666666666668,31.12807881773399,1.2216964285714285,1.1447160844279158
84,high,FCFS,10800,43.6374695863747,76.85279805352798,0.10340632603406326,0.38333333333333336,48.240574506283664,27.170212765957448,35.42660550458716,1.7754949113510823,1.3617046798355352
85,low,Priority-based,10800,40.15909090909091,63.006493506493506,0.18506493506493507,0.21857142857142858,47.144329896907216,44.666666666666664,36.2279792746114,1.0554700723188184,1.3013237514449503
86,medium,Priority-based,10800,46.95791583166333,73.75150300601203,0.18837675350701402,0.31038095238095237,50.729007633587784,50.125,41.64390243902439,1.0120500276027489,1.2181617154604072
87,high,Priority-based,10800,49.954491017964074,81.37125748502994,0.17964071856287425,0.3626666666666667,51.159592529711375,37.595238095238095,49.01960784313726,1.360799801296946,1.043655687606112
88,low,Zone batching,10800,30.862385321100916,51.72782874617737,0.06116207951070336,0.26552380952380955,36.924731182795696,44.857142857142854,27.40909090909091,0.8231627970686939,1.3471709552595443
89,medium,Zone batching,10800,48.231914893617024,75.11063829787234,0.2425531914893617,0.28476190476190477,53.17903930131004,48.78947368421053,42.54679802955665,1.0899695218175736,1.2498952157191083
90,high,Zone batching,10800,51.34017971758665,83.12836970474967,0.20410783055198972,0.3680952380952381,50.45489443378119,43.69047619047619,54.96296296296296,1.1548259216451282,0.917979885250736
91,low,FCFS,10800,30.75840978593272,51.54434250764526,0.05198776758409786,0.25666666666666665,34.707317073170735,16.09090909090909,30.064102564102566,2.156951908502136,1.1544438088304125
92,medium,FCFS,10800,34.289640591966176,62.938689217758984,0.02959830866807611,0.35,38.84100418410042,31.59259259259259,29.386473429951693,1.2294338956280322,1.3217307029605108
93,high,FCFS,10800,43.21650717703349,74.85645933014354,0.07894736842105263,0.3842857142857143,47.473118279569896,25.0188679245283,36.946666666666665,1.8974926612497771,1.2849093724170848
94,low,Priority-based,10800,40.12171052631579,63.74342105263158,0.17763157894736842,0.2342857142857143,47.07865168539326,43.3,36.94634146341463,1.0872667825725928,1.2742439392006362
95,medium,Priority-based,10800,43.85769980506823,70.38011695906432,0.1286549707602339,0.34904761904761905,42.869565217391305,48.148148148148145,44.433476394849784,0.8903678929765887,0.9648033126293997
96,high,Priority-based,10800,48.72066326530612,79.86989795918367,0.15051020408163265,0.38542857142857145,46.81139489194499,44.63636363636363,54.15909090909091,1.0487277878032484,0.8643312527257994
97,low,Zone batching,10800,31.44514106583072,54.15047021943574,0.10031347962382445,0.26,40.23170731707317,42.13333333333333,27.47747747747748,0.9548664711330658,1.4641703318672532
98,medium,Zone batching,10800,49.72097759674134,77.13441955193483,0.24643584521384929,0.29523809523809524,52.026923076923076,45.35897435897436,47.484375,1.1470039570378745,1.0956640595337535
99,high,Zone batching,10800,53.514211886304906,85.38113695090439,0.2751937984496124,0.3547619047619048,54.52761904761905,38.75,53.79425837320574,1.4071643625192012,1.013632694205495
100,low,FCFS,10800,23.659016393442624,45.31803278688525,0.022950819672131147,0.25752380952380954,29.64864864864865,24.0,21.638009049773757,1.2353603603603605,1.3702114912905377
101,medium,FCFS,10800,34.643863179074444,62.24949698189135,0.03420523138832998,0.3238095238095238,40.96610169491525,25.74074074074074,29.294871794871796,1.591488842824046,1.398405221970849
102,high,FCFS,10800,40.20854922279793,72.96502590673575,0.06347150259067358,0.4095238095238095,45.017341040462426,25.754716981132077,31.56,1.7479260623769293,1.426404975933537
103,low,Priority-based,10800,31.926421404682273,51.25083612040134,0.13043478260869565,0.2361904761904762,39.04054054054054,42.111111111111114,29.064814814814813,0.9270840761605932,1.3432234400695695
104,medium,Priority-based,10800,55.966740576496676,85.03547671840354,0.3348115299334812,0.2558095238095238,58.96244131455399,47.794117647058826,54.200980392156865,1.233675695196822,1.0878482434809635
105,high,Priority-based,10800,49.202233250620345,80.66873449131513,0.1662531017369727,0.3954285714285714,50.67717996289425,43.7906976744186,46.691964285714285,1.157259021988557,1.0853512106021908
106,low,Zone batching,10800,38.893470790378004,61.329896907216494,0.12371134020618557,0.22514285714285714,39.246753246753244,39.07142857142857,38.745,1.004487286022935,1.0129501418700024
107,medium,Zone batching,10800,41.5063829787234,67.55319148936171,0.14042553191489363,0.3,43.89558232931727,43.8125,37.96825396825397,1.0018963156477552,1.1561127452955635
108,high,Zone batching,10800,50.211779448621556,82.23308270676692,0.18796992481203006,0.37952380952380954,52.54126679462572,45.479166666666664,45.903930131004365,1.1552820916821047,1.1445919041066677
109,low,FCFS,10800,27.81761006289308,49.5,0.018867924528301886,0.2776190476190476,29.65934065934066,18.0,27.586046511627906,1.6477411477411479,1.0751573498159235
110,medium,FCFS,10800,34.182,61.67,0.03,0.3523809523809524,38.26274509803922,22.916666666666668,31.14354066985646,1.6696470588235295,1.2285932901352277
111,high,FCFS,10800,41.80880503144654,73.85157232704402,0.08930817610062892,0.40076190476190476,46.74324324324324,24.93877551020408,34.223684210526315,1.8743199009156455,1.3658156426322516
112,low,Priority-based,10800,37.884488448844884,57.72937293729373,0.1617161716171617,0.21047619047619048,42.0,51.0,35.430622009569376,0.8235294117647058,1.185415259959487
113,medium,Priority-based,10800,41.84939759036145,67.76506024096386,0.12650602409638553,0.3261904761904762,45.03404255319149,39.0,39.00423728813559,1.1547190398254228,1.1545935950628128
114,high,Priority-based,10800,54.6602809706258,87.83652618135376,0.26436781609195403,0.3514285714285714,55.8042226487524,48.979166666666664,53.149532710280376,1.1393461025691687,1.0499475687386155
115,low,Zone batching,10800,34.57597173144876,55.59363957597173,0.14840989399293286,0.21923809523809523,45.96052631578947,56.23076923076923,28.664948453608247,0.8173554611563106,1.6033702760768132
116,medium,Zone batching,10800,43.40562248995984,69.51204819277109,0.14457831325301204,0.3314285714285714,48.386178861788615,47.92857142857143,37.370535714285715,1.0095476960730858,1.2947681358309222
117,high,Zone batching,10800,50.62214611872146,84.48972602739725,0.16552511415525115,0.44961904761904764,51.02030456852792,37.092592592592595,52.76623376623377,1.375484995856469,0.966911998960534
118,low,FCFS,10800,26.61744966442953,47.053691275167786,0.026845637583892617,0.23523809523809525,35.148648648648646,20.75,24.033653846153847,1.6939107782481275,1.4624762790395915
119,medium,FCFS,10800,34.09375,62.130859375,0.01953125,0.36542857142857144,39.35632183908046,23.575,29.578199052132703,1.6694091978401042,1.3305854683617973
120,high,FCFS,10800,43.14646464646464,76.62752525252525,0.0845959595959596,0.36657142857142855,46.72727272727273,28.23913043478261,38.056768558951966,1.6546994191335993,1.227830803734418
121,low,Priority-based,10800,28.061855670103093,47.446735395189,0.07216494845360824,0.23647619047619048,34.4025974025974,42.916666666666664,24.762376237623762,0.801613920060522,1.3893092113803829
122,medium,Priority-based,10800,52.44957983193277,83.38235294117646,0.33613445378151263,0.26152380952380955,59.44583333333333,47.457142857142856,44.96517412935324,1.252621412803532,1.3220416574463376
123,high,Priority-based,10800,58.813648293963254,92.57349081364829,0.3464566929133858,0.37,57.605633802816904,43.68518518518518,65.5308056872038,1.3186537623366312,0.8790618885075842
124,low,Zone batching,10800,30.843260188087775,51.338557993730404,0.09404388714733543,0.23047619047619047,37.8,43.125,26.065,0.8765217391304347,1.4502206023403028
125,medium,Zone batching,10800,45.857142857142854,72.70463320463321,0.1776061776061776,0.3017142857142857,43.984313725490196,49.575,47.33183856502242,0.887227710045188,0.9292754107801339
126,high,Zone batching,10800,53.984223300970875,86.08373786407768,0.2366504854368932,0.36666666666666664,51.61623616236162,40.486111111111114,64.72380952380952,1.2749121796535288,0.7974845198716849
127,low,FCFS,10800,27.526315789473685,47.640866873065015,0.03715170278637771,0.25,33.028169014084504,27.454545454545453,25.90871369294606,1.2030127786587073,1.2747899955788542
128,medium,FCFS,10800,31.209302325581394,58.174418604651166,0.027906976744186046,0.30952380952380953,36.879629629629626,24.90909090909091,25.591160220994475,1.4805690727223573,1.4411081526258556
129,high,FCFS,10800,44.565006075334146,78.99027946537059,0.09720534629404617,0.39904761904761904,50.0556552962298,27.42222222222222,34.217194570135746,1.8253683049678615,1.4628801666843145
130,low,Priority-based,10800,35.300632911392405,57.22784810126582,0.1360759493670886,0.23666666666666666,43.79347826086956,50.57142857142857,30.561904761904763,0.865972733971997,1.4329433522565609
131,medium,Priority-based,10800,49.516194331983804,76.98582995951416,0.23481781376518218,0.3019047619047619,53.19047619047619,41.885714285714286,46.333333333333336,1.2698954070031832,1.1479958890030832
132,high,Priority-based,10800,51.1359102244389,83.03740648379052,0.17955112219451372,0.3823809523809524,51.04085257548846,40.10909090909091,54.72282608695652,1.272550721510365,0.932715947352257
133,low,Zone batching,10800,39.714765100671144,60.553691275167786,0.17114093959731544,0.22476190476190477,39.876543209876544,58.888888888888886,38.82211538461539,0.6771488469601677,1.0271604938271606
134,medium,Zone batching,10800,48.31923890063425,77.51585623678648,0.22410147991543342,0.2923809523809524,48.21576763485477,41.23529411764706,49.66161616161616,1.1692839512018989,0.9708859952914924
135,high,Zone batching,10800,51.98045977011494,85.17701149425288,0.20229885057471264,0.4147619047619048,50.346416382252556,44.905660377358494,57.74891774891775,1.1211596925459602,0.8718157559445533
136,low,FCFS,10800,24.68978102189781,43.21167883211679,0.04744525547445255,0.20904761904761904,29.9,24.210526315789473,23.133333333333333,1.235,1.292507204610951
137,medium,FCFS,10800,36.88187372708757,64.17515274949083,0.05295315682281059,0.32095238095238093,38.11507936507937,27.142857142857142,37.029411764705884,1.4042397660818715,1.029319061487449
138,high,FCFS,10800,40.93678887484197,73.70164348925411,0.10366624525916561,0.37,45.5899419729207,27.310344827586206,33.458333333333336,1.6693286833518943,1.3625885521171814
139,low,Priority-based,10800,32.975155279503106,54.41925465838509,0.10559006211180125,0.256,36.92929292929293,53.611111111111114,29.253658536585366,0.6888365520489872,1.2623820327672253
140,medium,Priority-based,10800,43.130434782608695,70.3201581027668,0.1007905138339921,0.37952380952380954,47.029411764705884,44.4375,39.021186440677965,1.0583271283196822,1.2052276225942653
141,high,Priority-based,10800,64.19602649006623,99.37086092715232,0.5165562913907285,0.254,68.34387351778656,51.9344262295082,57.01063829787234,1.315964736295764,1.1987915862421976
142,low,Zone batching,10800,40.827922077922075,63.00974025974026,0.22727272727272727,0.19428571428571428,54.473684210526315,50.578947368421055,35.08920187793427,1.077003121748179,1.552434404180105
143,medium,Zone batching,10800,46.908482142857146,73.21205357142857,0.20535714285714285,0.30333333333333334,49.51152073732719,46.61290322580645,44.13,1.0621848739495798,1.1219469915551141
144,high,Zone batching,10800,63.92490613266583,98.42052565707134,0.4793491864831039,0.31742857142857145,66.20683111954459,53.47826086956522,61.55172413793103,1.2380139152435166,1.0756291890570269
145,low,FCFS,10800,24.65830721003135,46.125391849529784,0.018808777429467086,0.2723809523809524,26.955555555555556,17.214285714285715,24.18139534883721,1.5658828953434762,1.1147229168002393
146,medium,FCFS,10800,35.932461873638346,65.33333333333333,0.04793028322440087,0.32485714285714284,40.294117647058826,25.23076923076923,32.03589743589744,1.597022955523673,1.2577802050866769
147,high,FCFS,10800,43.21673003802282,75.5830164765526,0.09378960709759189,0.38485714285714284,46.975425330812854,29.333333333333332,37.09090909090909,1.6014349544595292,1.266494310389562
148,low,Priority-based,10800,36.66319444444444,58.05555555555556,0.17708333333333334,0.2280952380952381,50.52857142857143,32.666666666666664,32.19138755980861,1.5467930029154522,1.5696301172074063
149,medium,Priority-based,10800,54.60995850622407,81.14522821576763,0.3153526970954357,0.25761904761904764,52.56709956709957,53.1875,56.97260273972603,0.9883355970312492,0.9226733032936447
150,high,Priority-based,10800,51.17852834740651,83.32810615199035,0.20386007237635706,0.4157142857142857,52.32675044883303,43.71875,50.39903846153846,1.196894935212764,1.0382489834357789
151,low,Zone batching,10800,40.09508196721311,61.59672131147541,0.2360655737704918,0.20142857142857143,54.76,36.84615384615385,35.22119815668203,1.486179540709812,1.5547455187753498
152,medium,Zone batching,10800,40.60587002096436,67.14884696016772,0.19077568134171907,0.3056190476190476,46.888888888888886,48.77142857142857,32.774193548387096,0.9614007680791511,1.4306649168853893
153,high,Zone batching,10800,53.17516339869281,84.30326797385621,0.23529411764705882,0.37142857142857144,52.142857142857146,43.0,58.4392523364486,1.212624584717608,0.8922574307189692
154,low,FCFS,10800,27.226114649681527,49.60828025477707,0.006369426751592357,0.26476190476190475,34.47560975609756,22.9375,24.791666666666668,1.5030238585764604,1.390612830498053
155,medium,FCFS,10800,34.408424908424905,62.03479853479853,0.038461538461538464,0.3461904761904762,39.721804511278194,28.823529411764707,29.434959349593495,1.3781034218198556,1.349477131580505
156,high,FCFS,10800,42.202033036848796,74.78017789072427,0.10800508259212198,0.3647619047619048,46.69656488549618,28.295454545454547,34.242009132420094,1.6503203654311902,1.3637215241930474
157,low,Priority-based,10800,40.79510703363914,63.211009174311926,0.21100917431192662,0.22523809523809524,45.96341463414634,56.27272727272727,37.36771300448431,0.8167973521415343,1.2300301768168287
158,medium,Priority-based,10800,46.681017612524464,73.5518590998043,0.19960861056751467,0.30466666666666664,49.971774193548384,39.97560975609756,44.24324324324324,1.2500565844633824,1.1294780972274223
159,high,Priority-based,10800,54.416040100250626,85.2280701754386,0.24686716791979949,0.35942857142857143,55.151969981238274,45.838235294117645,55.38578680203046,1.2031870255772226,0.9957783966917734
160,low,Zone batching,10800,28.89041095890411,48.25,0.0547945205479452,0.26,32.49333333333333,20.6,27.81132075471698,1.577346278317152,1.1683491632745364
161,medium,Zone batching,10800,45.17362637362638,72.46373626373627,0.17362637362637362,0.32285714285714284,43.02242152466368,43.11764705882353,47.94949494949495,0.997791495114983,0.8972445188417325
162,high,Zone batching,10800,70.26890756302521,106.03001200480192,0.5258103241296519,0.2661904761904762,68.55575868372944,55.693548387096776,78.48660714285714,1.2309461449149217,0.8734707892130934
163,low,FCFS,10800,26.26517571884984,45.90095846645367,0.022364217252396165,0.23533333333333334,33.54651162790697,24.545454545454547,23.453703703703702,1.3667097329888025,1.4303289600528832
164,medium,FCFS,10800,30.782700421940927,57.39029535864979,0.023206751054852322,0.32142857142857145,36.22175732217573,23.0,25.6318407960199,1.5748590140076406,1.4131547402479274
165,high,FCFS,10800,43.10526315789474,76.54868421052632,0.07631578947368421,0.3838095238095238,47.36654135338346,28.52,34.46629213483146,1.6608184205253669,1.3742859593972707
166,low,Priority-based,10800,46.785953177257525,69.33110367892976,0.3377926421404682,0.16038095238095237,61.949367088607595,40.23076923076923,41.410628019323674,1.5398504247646245,1.4959774833576496
167,medium,Priority-based,10800,44.562231759656655,71.12231759656652,0.148068669527897,0.29904761904761906,47.124,39.96969696969697,41.89071038251366,1.1789931766489765,1.1249272110618316
168,high,Priority-based,10800,46.64364640883978,76.36878453038673,0.16988950276243095,0.38666666666666666,46.49,44.921052631578945,47.40860215053763,1.0349267721148214,0.980623724200499
169,low,Zone batching,10800,34.06930693069307,54.257425742574256,0.12871287128712872,0.23714285714285716,44.75342465753425,43.2,29.804651162790698,1.035958904109589,1.5015584115745728
170,medium,Zone batching,10800,56.035714285714285,86.71848739495799,0.3949579831932773,0.25952380952380955,62.267489711934154,45.645161290322584,50.133663366336634,1.3641640855618082,1.2420295173112175
171,high,Zone batching,10800,53.67399267399267,85.56532356532357,0.2967032967032967,0.3280952380952381,53.08711433756806,48.46376811594203,57.10552763819096,1.0953979932093887,0.9296317980619538
172,low,FCFS,10800,23.923076923076923,44.52447552447553,0.013986013986013986,0.25047619047619046,27.333333333333332,22.933333333333334,22.693877551020407,1.191860465116279,1.2044364508393286
173,medium,FCFS,10800,32.908366533864545,59.5796812749004,0.035856573705179286,0.3333333333333333,36.69721115537848,24.26923076923077,29.68,1.5120879398412685,1.2364289472836416
174,high,FCFS,10800,41.297330097087375,75.65776699029126,0.08616504854368932,0.3985714285714286,46.44864864864865,24.10909090909091,32.35514018691589,1.9266030736618973,1.4355879276156571
175,low,Priority-based,10800,36.6135593220339,59.07118644067797,0.12542372881355932,0.22523809523809524,43.94444444444444,38.92857142857143,32.989528795811516,1.128848114169215,1.3320725105362465
176,medium,Priority-based,10800,47.11451942740286,73.23517382413088,0.18609406952965235,0.3281904761904762,48.13793103448276,46.02777777777778,46.217194570135746,1.0458452125777788,1.0415589150793705
177,high,Priority-based,10800,52.65669700910273,84.95058517555266,0.21716514954486346,0.36523809523809525,51.86259541984733,41.435483870967744,58.73224043715847,1.2516469116506557,0.8830345144987032
178,low,Zone batching,10800,38.69375,59.634375,0.134375,0.24161904761904762,30.677419354838708,46.76923076923077,41.68691588785047,0.6559316638370118,0.7359004306619755
179,medium,Zone batching,10800,46.48547717842324,72.62033195020747,0.2012448132780083,0.3076190476190476,45.53648068669528,46.705882352941174,47.479069767441864,0.9749624328385639,0.9590853592907018
180,high,Zone batching,10800,61.05977584059776,96.42216687422167,0.45080946450809467,0.2914285714285714,63.63721804511278,52.64705882352941,56.777272727272724,1.2087516276725332,1.1208220294551927
181,low,FCFS,10800,27.585209003215436,51.569131832797424,0.04823151125401929,0.28904761904761905,36.44736842105263,21.23076923076923,24.923423423423422,1.716723874904653,1.46237408087361
182,medium,FCFS,10800,36.7875,65.01666666666667,0.035416666666666666,0.34095238095238095,38.86234817813765,23.34285714285714,36.57575757575758,1.6648496771539998,1.0625165616226533
183,high,FCFS,10800,43.482587064676615,75.69029850746269,0.08706467661691543,0.370952380952381,49.40350877192982,27.76923076923077,34.56194690265487,1.7790737230888856,1.4294191502312303
184,low,Priority-based,10800,36.71851851851852,57.68888888888889,0.15555555555555556,0.20504761904761903,39.03947368421053,49.72727272727273,34.97267759562842,0.7850716828634658,1.1162849506578947
185,medium,Priority-based,10800,61.221311475409834,92.7172131147541,0.4651639344262295,0.2361904761904762,70.46382978723405,53.0,52.58371040723982,1.3295062224006424,1.3400315276636023
186,high,Priority-based,10800,51.71392405063291,84.5,0.2088607594936709,0.38095238095238093,51.962093862815884,41.82222222222222,53.324607329842934,1.2424517661140886,0.9744486919781868
187,low,Zone batching,10800,41.15511551155115,62.84818481848185,0.23102310231023102,0.2138095238095238,43.338235294117645,46.9375,40.054794520547944,0.9233179290357953,1.0819737265631286
188,medium,Zone batching,10800,40.340425531914896,65.89787234042554,0.11914893617021277,0.3223809523809524,42.63470319634703,39.146341463414636,38.180952380952384,1.089110798162136,1.1166484997796053
189,high,Zone batching,10800,52.02290076335878,82.41221374045801,0.17684478371501272,0.3660952380952381,52.98696461824954,44.2,50.88317757009346,1.1988001044852836,1.0413454337685188
190,low,FCFS,10800,24.837931034482757,45.179310344827584,0.03103448275862069,0.23714285714285716,29.714285714285715,17.1,23.36945812807882,1.7376775271512113,1.2715008431703203
191,medium,FCFS,10800,38.64123711340206,65.21855670103093,0.06804123711340206,0.32771428571428574,40.70403587443946,19.16,38.755274261603375,2.124427759626277,1.0502837781428582
192,high,FCFS,10800,43.8384074941452,77.11709601873537,0.10304449648711944,0.38,47.49649122807018,27.578125,39.09090909090909,1.722252373142488,1.2150265197878416
193,low,Priority-based,10800,34.932038834951456,54.34304207119741,0.11326860841423948,0.2518095238095238,39.714285714285715,42.76923076923077,32.78538812785388,0.9285714285714286,1.2113410266613611
194,medium,Priority-based,10800,46.30214424951267,73.74074074074075,0.18908382066276802,0.2919047619047619,46.15415019762846,52.03125,45.66228070175438,0.8870467305249914,1.0107718994389867
195,high,Priority-based,10800,50.45359477124183,81.40522875816994,0.1869281045751634,0.36523809523809525,50.78638941398866,41.82222222222222,51.56544502617801,1.214339810642662,0.9848919055814634
196,low,Zone batching,10800,39.343333333333334,59.73,0.18,0.20885714285714285,43.276315789473685,40.25,37.78921568627451,1.0751879699248121,1.14520280465075
197,medium,Zone batching,10800,52.13566739606127,80.52078774617068,0.25601750547045954,0.28714285714285714,54.136986301369866,44.513513513513516,51.35820895522388,1.2161921634187522,1.0541058070885734
198,high,Zone batching,10800,51.32025316455696,83.31012658227849,0.19746835443037974,0.372,51.95255474452555,41.31428571428572,51.33816425120773,1.2574961383529697,1.011967519724926
199,low,FCFS,10800,26.19148936170213,48.51367781155015,0.0121580547112462,0.2804761904761905,36.529411764705884,27.38095238095238,22.1390134529148,1.3341176470588236,1.6500017872249162
200,medium,FCFS,10800,36.256521739130434,63.56956521739131,0.06304347826086956,0.3180952380952381,39.12173913043478,29.40909090909091,33.8125,1.3302600631677979,1.157020011251306
201,high,FCFS,10800,39.375,71.81640625,0.0625,0.3891428571428571,43.332692307692305,22.77777777777778,33.38659793814433,1.9024108818011256,1.297906794456123
202,low,Priority-based,10800,50.87179487179487,75.28846153846153,0.3333333333333333,0.18133333333333335,67.48101265822785,39.6875,45.64976958525346,1.7003089803647964,1.4782333683459967
203,medium,Priority-based,10800,41.476288659793816,67.44948453608248,0.18144329896907216,0.32095238095238093,43.65384615384615,46.8421052631579,38.12676056338028,0.9319360414866033,1.1449660424540367
204,high,Priority-based,10800,50.18742442563482,81.40386940749698,0.1825876662636034,0.4061904761904762,50.553231939163496,44.12068965517241,50.84362139917695,1.1457942369954994,0.9942885763833856
205,low,Zone batching,10800,34.003460207612456,54.062283737024224,0.13494809688581316,0.21476190476190476,43.7093023255814,41.285714285714285,29.48469387755102,1.0587028244950512,1.4824404318764413
206,medium,Zone batching,10800,45.04618473895582,72.04819277108433,0.19477911646586346,0.26285714285714284,47.08627450980392,50.45161290322581,41.801886792452834,0.933295722381024,1.126415052592917
207,high,Zone batching,10800,52.694132334581774,84.35705368289638,0.22596754057428214,0.39514285714285713,53.09090909090909,39.92063492063492,55.52857142857143,1.32991144044822,0.9561007554318591
208,low,FCFS,10800,26.01328903654485,46.730897009966775,0.009966777408637873,0.26285714285714284,37.13253012048193,21.5,21.796116504854368,1.7270944242084618,1.703630557866209
209,medium,FCFS,10800,33.61776061776062,61.54054054054054,0.025096525096525095,0.36523809523809525,38.91129032258065,25.81578947368421,29.237068965517242,1.507267107296702,1.3308888920593704
210,high,FCFS,10800,42.13167701863354,76.35155279503105,0.07701863354037267,0.39571428571428574,47.95610687022901,26.215384615384615,32.791666666666664,1.8293115883596747,1.4624479858773778
211,low,Priority-based,10800,36.717532467532465,58.603896103896105,0.1266233766233766,0.25047619047619046,41.5,41.8125,34.3252427184466,0.992526158445441,1.2090227690567106
212,medium,Priority-based,10800,42.318548387096776,69.47782258064517,0.1592741935483871,0.3233333333333333,44.05668016194332,47.72222222222222,39.389671361502344,0.9231900383177879,1.1184830601303848
213,high,Priority-based,10800,60.44584382871537,94.55037783375315,0.3690176322418136,0.3304761904761905,60.20925925925926,54.32142857142857,62.823232323232325,1.108388730610953,0.9583916177613421
214,low,Zone batching,10800,49.43895348837209,75.2936046511628,0.2936046511627907,0.2180952380952381,66.49484536082474,50.333333333333336,42.25,1.3210896429302927,1.5738424937473312
215,medium,Zone batching,10800,45.16565656565657,73.16969696969697,0.18585858585858586,0.3361904761904762,47.859437751004016,50.97435897435897,40.830917874396135,0.9388923904875034,1.1721372000068424
216,high,Zone batching,10800,65.98803191489361,100.45744680851064,0.4747340425531915,0.256,67.59465020576131,52.79245283018868,65.6056338028169,1.2803847251270013,1.0303177682715872
217,low,FCFS,10800,25.50955414012739,47.605095541401276,0.01910828025477707,0.26142857142857145,31.785714285714285,16.857142857142858,23.62962962962963,1.885593220338983,1.3451634572324227
218,medium,FCFS,10800,31.75,56.97767857142857,0.033482142857142856,0.3199047619047619,37.15094339622642,23.928571428571427,27.298076923076923,1.5525767389467757,1.3609362850325986
219,high,FCFS,10800,42.321339950372206,74.63523573200993,0.08933002481389578,0.34714285714285714,45.45357142857143,27.14,37.244897959183675,1.6747815559532582,1.2203972602739726
220,low,Priority-based,10800,26.67870036101083,45.91335740072202,0.039711191335740074,0.21019047619047618,32.41025641025641,40.27272727272727,23.50531914893617,0.8047693465300688,1.3788477495198472
221,medium,Priority-based,10800,42.69230769230769,67.50641025641026,0.17094017094017094,0.28476190476190477,44.873873873873876,43.484848484848484,40.29577464788732,1.0319427441378661,1.1136123890405611
222,high,Priority-based,10800,54.005773672055426,86.3960739030023,0.22401847575057737,0.3832380952380952,52.88712522045855,44.507936507936506,59.228813559322035,1.1882627991757806,0.8929289992866087
223,low,Zone batching,10800,30.226708074534162,51.91614906832298,0.08385093167701864,0.24952380952380954,37.54022988505747,40.916666666666664,26.798206278026907,0.9174801601236042,1.4008486051485636
224,medium,Zone batching,10800,45.03168316831683,72.02970297029702,0.14455445544554454,0.33666666666666667,46.21900826446281,42.388888888888886,44.18502202643172,1.090356682516816,1.0460333874409828
225,high,Zone batching,10800,57.22291407222914,89.12702366127024,0.3013698630136986,0.33904761904761904,53.142857142857146,45.981818181818184,71.31188118811882,1.1557363158786647,0.7452174344225715
226,low,FCFS,10800,28.49158249158249,49.62626262626262,0.04377104377104377,0.24761904761904763,34.506024096385545,16.941176470588236,26.95431472081218,2.036813922356091,1.2801669956662811
227,medium,FCFS,10800,33.91417165668663,61.81636726546906,0.041916167664670656,0.35504761904761906,39.95338983050848,26.175,28.955555555555556,1.5263950269535234,1.3798177608387425
228,high,FCFS,10800,43.59608323133415,77.64259485924113,0.09057527539779682,0.41419047619047616,47.08426966292135,27.833333333333332,39.48430493273543,1.6916504070510665,1.1924806513153279
229,low,Priority-based,10800,37.580756013745706,59.085910652920965,0.21649484536082475,0.19095238095238096,51.61904761904762,50.5625,30.319371727748692,1.0208958738006946,1.7025104636916069
230,medium,Priority-based,10800,46.37246963562753,73.73886639676114,0.15991902834008098,0.32047619047619047,45.911646586345384,48.5,46.517073170731706,0.9466318883782553,0.9869848521603192
231,high,Priority-based,10800,54.42043984476067,85.5601552393273,0.2820181112548512,0.32285714285714284,55.44088176352705,41.86538461538461,55.067567567567565,1.3242654348660574,1.006779202576933
232,low,Zone batching,10800,39.331103678929765,59.438127090301,0.19063545150501673,0.20142857142857143,40.5,40.92307692307692,38.88636363636363,0.9896616541353385,1.0414962010520163
233,medium,Zone batching,10800,57.63578947368421,88.82315789473684,0.3957894736842105,0.2542857142857143,63.3852140077821,49.885714285714286,51.04371584699454,1.2706085282201451,1.2417829101192726
234,high,Zone batching,10800,54.42728442728443,85.57014157014157,0.3088803088803089,0.34714285714285714,54.48069498069498,52.2,54.959798994974875,1.0436914747259574,0.9912826461697266
235,low,FCFS,10800,26.3841059602649,47.473509933774835,0.029801324503311258,0.2723809523809524,32.50666666666667,26.357142857142858,24.230046948356808,1.2333152664859983,1.3415849641542337
236,medium,FCFS,10800,34.85539714867617,63.09368635437882,0.038696537678207736,0.3504761904761905,41.51587301587302,23.10810810810811,28.698019801980198,1.7965933351898264,1.4466459115415473
237,high,FCFS,10800,40.98732572877059,73.75285171102662,0.07224334600760456,0.3638095238095238,45.215328467153284,23.11764705882353,33.589473684210525,1.9558793484519232,1.3461160151612541
238,low,Priority-based,10800,36.417508417508415,57.76094276094276,0.16498316498316498,0.2257142857142857,46.04054054054054,39.294117647058826,32.72330097087379,1.1716904029778281,1.4069650424790612
239,medium,Priority-based,10800,47.72384937238494,74.65062761506276,0.20292887029288703,0.28714285714285714,47.32669322709163,46.483870967741936,48.42857142857143,1.018131498986704,0.9772473527718035
240,high,Priority-based,10800,57.70913770913771,89.66409266409266,0.3256113256113256,0.3295238095238095,54.01764705882353,51.18518518518518,68.2018779342723,1.0553375329871457,0.7920258018537489
241,low,Zone batching,10800,34.24290220820189,55.69085173501577,0.11356466876971609,0.2519047619047619,39.43529411764706,49.64705882352941,30.972093023255812,0.7943127962085308,1.273252475641105
242,medium,Zone batching,10800,42.59873949579832,68.7983193277311,0.16806722689075632,0.3233333333333333,42.67099567099567,50.825,40.91219512195122,0.8395670569797475,1.0429896402234544
243,high,Zone batching,10800,48.134715025906736,78.24222797927462,0.1489637305699482,0.3932380952380952,46.49440298507463,43.9375,53.88297872340426,1.0581940935436616,0.8628773703054323
244,low,FCFS,10800,29.278637770897834,53.656346749226,0.043343653250773995,0.25857142857142856,32.90217391304348,16.6,28.61574074074074,1.9820586694604503,1.149792843426208
245,medium,FCFS,10800,34.1875,61.200892857142854,0.08258928571428571,0.2985714285714286,39.92857142857143,26.233333333333334,27.92222222222222,1.5220548193864585,1.4299926098573135
246,high,FCFS,10800,41.34744707347447,74.19427148194272,0.06724782067247821,0.3861904761904762,45.12617702448211,26.625,35.875,1.6948798882434595,1.257872530299153
247,low,Priority-based,10800,40.58561643835616,61.273972602739725,0.14726027397260275,0.22990476190476192,39.42028985507246,48.4,40.21182266009852,0.814468798658522,0.9803159182383573
248,medium,Priority-based,10800,51.74844074844075,79.34719334719335,0.23700623700623702,0.27714285714285714,49.60082304526749,44.80952380952381,54.824884792626726,1.106925912806182,0.9047136757857481
249,high,Priority-based,10800,52.06861499364676,85.54637865311308,0.2388818297331639,0.36314285714285716,52.83487940630798,41.78333333333333,53.15425531914894,1.2644965155079693,0.9939915269074251
250,low,Zone batching,10800,35.61512027491409,57.48453608247423,0.140893470790378,0.2523809523809524,47.43421052631579,50.30769230769231,30.222772277227723,0.9428818606148398,1.56948575369628
251,medium,Zone batching,10800,47.023809523809526,73.04112554112554,0.18181818181818182,0.29523809523809524,48.65367965367965,44.60526315789474,45.54922279792746,1.0907609597875083,1.0681560884040693
252,high,Zone batching,10800,56.75793184488837,89.95064629847239,0.2679200940070505,0.3841904761904762,57.084922010398614,40.516129032258064,60.617924528301884,1.4089431387916855,0.9417168676526735
253,low,FCFS,10800,25.284789644012946,45.8252427184466,0.04854368932038835,0.2523809523809524,33.57142857142857,24.5625,22.73542600896861,1.366775717920756,1.4766131304592842
254,medium,FCFS,10800,31.644796380090497,58.339366515837106,0.033936651583710405,0.31857142857142856,35.4070796460177,25.19047619047619,27.97948717948718,1.4055740502199843,1.265465639841175
255,high,FCFS,10800,43.40576230492197,76.8499399759904,0.09723889555822329,0.38561904761904764,47.48677248677249,24.05,36.5929203539823,1.9745019745019745,1.297703818864641
256,low,Priority-based,10800,34.0795847750865,53.23529411764706,0.09688581314878893,0.23238095238095238,31.983870967741936,39.142857142857146,34.35680751173709,0.8171061926065457,0.9309325657459733
257,medium,Priority-based,10800,41.593360995850624,69.149377593361,0.13485477178423236,0.30952380952380953,42.177215189873415,42.68,40.84090909090909,0.9882196623681682,1.0327197931855483
258,high,Priority-based,10800,50.21392405063291,81.80886075949367,0.16962025316455695,0.37,49.785079928952044,48.108108108108105,51.89473684210526,1.0348584030175425,0.9593473819980618
259,low,Zone batching,10800,35.902877697841724,55.5,0.1079136690647482,0.21961904761904763,36.5,43.81818181818182,35.167567567567566,0.8329875518672198,1.0378881032892715
260,medium,Zone batching,10800,46.731914893617024,74.36808510638298,0.23191489361702128,0.2857142857142857,50.705357142857146,47.31428571428572,42.41706161137441,1.0716711956521738,1.19540003990423
261,high,Zone batching,10800,50.90738423028786,81.59574468085107,0.19524405506883605,0.38095238095238093,49.51428571428571,43.728813559322035,56.27906976744186,1.1323034330011073,0.8797992916174734
262,low,FCFS,10800,24.027972027972027,45.74475524475525,0.03496503496503497,0.25523809523809526,31.246575342465754,23.545454545454547,21.445544554455445,1.3270746284444914,1.4570194411768427
263,medium,FCFS,10800,34.11991434689507,60.854389721627406,0.03854389721627409,0.3252380952380952,36.4235807860262,26.344827586206897,32.67464114832536,1.382570474862251,1.1147354494478658
264,high,FCFS,10800,40.34512195121951,74.05975609756098,0.07073170731707316,0.3864761904761905,44.996509598603836,24.627450980392158,30.836734693877553,1.827087571280888,1.4591852881082645
265,low,Priority-based,10800,34.42007434944238,53.46096654275093,0.09665427509293681,0.1980952380952381,37.82051282051282,50.0,32.0939226519337,0.7564102564102564,1.1784322293876432
266,medium,Priority-based,10800,45.481798715203425,72.57387580299786,0.20342612419700215,0.27666666666666667,45.065843621399175,45.25,46.046875,0.9959302457767774,0.9786949412180344
267,high,Priority-based,10800,52.6875,83.5,0.2630208333333333,0.34904761904761905,52.90340909090909,44.43076923076923,55.10285714285714,1.1906930716444222,0.9600846822471318
268,low,Zone batching,10800,30.932075471698113,49.89811320754717,0.0830188679245283,0.1956190476190476,38.2112676056338,31.916666666666668,28.02747252747253,1.1972198727613723,1.3633504615223193
269,medium,Zone batching,10800,43.314465408805034,70.78197064989517,0.1278825995807128,0.3504761904761905,48.570247933884296,42.15625,37.23152709359606,1.152148208957967,1.3045462199759874
270,high,Zone batching,10800,46.3303457106274,77.7067861715749,0.12291933418693982,0.4166666666666667,44.267175572519086,38.660377358490564,53.622549019607845,1.1450269913828754,0.8255328473163811
271,low,FCFS,10800,26.192182410423452,46.52117263843648,0.026058631921824105,0.25047619047619046,30.584269662921347,25.272727272727273,24.352657004830917,1.2101689434968879,1.2558904622544573
272,medium,FCFS,10800,32.72688172043011,60.81505376344086,0.03870967741935484,0.3483809523809524,39.857142857142854,21.91891891891892,26.857843137254903,1.8183899947155187,1.4840038588897868
273,high,FCFS,10800,42.44529262086514,74.4529262086514,0.09796437659033079,0.39876190476190476,46.64271844660194,28.0,35.72246696035242,1.6658113730929265,1.3056970141051476
274,low,Priority-based,10800,41.74496644295302,64.00335570469798,0.2516778523489933,0.1919047619047619,52.21686746987952,47.473684210526315,36.755102040816325,1.099911842491919,1.4206699089528576
275,medium,Priority-based,10800,40.91285403050109,67.27668845315904,0.10021786492374728,0.3313333333333333,43.26457399103139,45.16129032258065,37.71219512195122,0.9580012812299807,1.1472303283095893
276,high,Priority-based,10800,54.16098707403055,87.49001175088132,0.23854289071680376,0.38952380952380955,52.7681660899654,43.492753623188406,61.71568627450981,1.2132633989362254,0.8550203242536093
277,low,Zone batching,10800,37.68098159509202,59.20858895705521,0.15030674846625766,0.24428571428571427,42.93617021276596,38.55555555555556,35.299065420560744,1.1136182475933534,1.2163543057362876
278,medium,Zone batching,10800,44.62655601659751,71.74896265560166,0.16597510373443983,0.31142857142857144,47.70866141732284,39.4,41.464646464646464,1.2108797314041329,1.1505864751071768
279,high,Zone batching,10800,61.58555133079848,98.24588086185044,0.4372623574144487,0.30428571428571427,63.608058608058606,45.23728813559322,60.82608695652174,1.4060979609874327,1.0457364889101843
280,low,FCFS,10800,29.823529411764707,52.27554179566563,0.03715170278637771,0.2661904761904762,35.26086956521739,23.125,27.995348837209303,1.5247943595769682,1.259525993773341
281,medium,FCFS,10800,37.59834368530021,65.5175983436853,0.043478260869565216,0.3280952380952381,40.02074688796681,24.133333333333333,36.75,1.6583182412140942,1.0889999153188248
282,high,FCFS,10800,43.94950738916256,77.58990147783251,0.09729064039408868,0.3952380952380952,48.27272727272727,25.857142857142858,36.948356807511736,1.8669010547463587,1.306491856301259
283,low,Priority-based,10800,39.115511551155116,59.54455445544554,0.17491749174917492,0.21619047619047618,47.733333333333334,36.833333333333336,35.39303482587065,1.2959276018099546,1.348664605004217
284,medium,Priority-based,10800,54.016427104722794,81.42299794661191,0.25667351129363447,0.2764761904761905,52.13777777777778,44.73809523809524,57.70909090909091,1.165400035479865,0.9034586571448575
285,high,Priority-based,10800,51.22842639593909,83.49365482233503,0.20431472081218274,0.35428571428571426,49.847784200385355,43.982142857142854,56.497652582159624,1.1333641555913845,0.8822983243046436
286,low,Zone batching,10800,33.06811145510836,53.38699690402477,0.18575851393188855,0.22285714285714286,48.08536585365854,46.285714285714285,26.82819383259912,1.0388813610358325,1.7923445071889144
287,medium,Zone batching,10800,40.70842332613391,66.59611231101512,0.1490280777537797,0.319047619047619,44.788288288288285,39.69230769230769,36.42079207920792,1.1283871080382708,1.229745036595655
288,high,Zone batching,10800,53.042635658914726,83.14082687338501,0.21963824289405684,0.34476190476190477,52.53860640301318,44.611111111111114,56.86772486772487,1.1777022605905818,0.9238738937634436
289,low,FCFS,10800,20.79605263157895,41.19078947368421,0.0,0.2653333333333333,23.5974025974026,14.333333333333334,20.153488372093022,1.6463304137722743,1.1708842738152687
290,medium,FCFS,10800,35.32985386221294,64.44885177453027,0.03966597077244259,0.3352380952380952,39.32539682539682,24.642857142857142,31.77386934673367,1.5958132045088567,1.2376647110950447
291,high,FCFS,10800,43.559710494571775,75.95416164053076,0.10494571773220748,0.36828571428571427,48.79362101313321,29.0327868852459,35.45957446808511,1.680638555506,1.3760351539765157
292,low,Priority-based,10800,36.82333333333333,57.236666666666665,0.13,0.2357142857142857,39.94252873563219,40.36363636363637,35.28712871287129,0.9895671533602568,1.1319291252241446
293,medium,Priority-based,10800,45.36078431372549,73.7764705882353,0.20392156862745098,0.3233333333333333,46.273858921161825,47.638888888888886,44.06437768240343,0.9713463097153503,1.0501421183043445
294,high,Priority-based,10800,63.6395061728395,98.38271604938272,0.44074074074074077,0.310952380952381,62.947176684881605,48.91228070175438,69.61764705882354,1.2869401259104203,0.9041842024866812
295,low,Zone batching,10800,32.85304659498208,53.30107526881721,0.12544802867383512,0.2361904761904762,34.88607594936709,48.666666666666664,30.98936170212766,0.7168371770417895,1.1257436111364594
296,medium,Zone batching,10800,51.15173674588665,79.0146252285192,0.26508226691042047,0.31523809523809526,51.122605363984675,50.125,51.34959349593496,1.0199023514011905,0.9955795534784856
297,high,Zone batching,10800,57.74858757062147,91.8361581920904,0.3531073446327684,0.3261904761904762,56.822680412371135,47.679245283018865,63.529411764705884,1.1917697118542423,0.8944310805651011
298,low,FCFS,10800,26.621160409556314,47.66211604095563,0.027303754266211604,0.2438095238095238,34.6865671641791,20.916666666666668,24.41588785046729,1.6583219361360526,1.420655573805613
299,medium,FCFS,10800,31.977083333333333,57.6625,0.027083333333333334,0.34809523809523807,34.586776859504134,27.515151515151516,29.614634146341462,1.2570084100921106,1.1678947877118016
300,high,FCFS,10800,44.61381074168798,77.60358056265984,0.11508951406649616,0.37857142857142856,47.64473684210526,25.306122448979593,41.298507462686565,1.8827355687606109,1.1536672816845148
301,low,Priority-based,10800,35.5,56.45804195804196,0.13986013986013987,0.2180952380952381,33.0375,52.75,35.44845360824742,0.626303317535545,0.9319870583103098
302,medium,Priority-based,10800,58.974609375,89.017578125,0.421875,0.25647619047619047,64.0948905109489,53.18181818181818,53.06341463414634,1.205203069436646,1.207892310603468
303,high,Priority-based,10800,51.649032258064516,83.24903225806452,0.17806451612903226,0.37514285714285717,50.43977055449331,48.0,55.878172588832484,1.0508285532186106,0.9026739461514519
304,low,Zone batching,10800,34.98993288590604,54.69798657718121,0.12751677852348994,0.22228571428571428,41.04255319148936,44.30769230769231,31.376963350785342,0.9263076241134752,1.308047331816197
305,medium,Zone batching,10800,43.073496659242764,69.0890868596882,0.15812917594654788,0.3138095238095238,41.840796019900495,45.705882352941174,43.81308411214953,0.9154356915550945,0.954984038850118
306,high,Zone batching,10800,60.54007398273736,92.65351418002466,0.3279901356350185,0.3357142857142857,58.8,46.43478260869565,67.22553191489362,1.2662921348314606,0.8746676794530952
307,low,FCFS,10800,26.622356495468278,48.06344410876133,0.01812688821752266,0.2754285714285714,31.080459770114942,16.166666666666668,25.49137931034483,1.9225026661926767,1.2192537481681884
308,medium,FCFS,10800,32.55693581780538,57.5175983436853,0.018633540372670808,0.318,37.921487603305785,33.03333333333333,26.33649289099526,1.1479764158417494,1.4398837294039089
309,high,FCFS,10800,43.518115942028984,76.66062801932367,0.0748792270531401,0.398,48.22161172161172,27.851063829787233,35.723404255319146,1.731410046536097,1.3498604829754326
310,low,Priority-based,10800,48.78525641025641,69.20833333333333,0.266025641025641,0.20666666666666667,45.338235294117645,42.76470588235294,50.268722466960355,1.0601788170563962,0.9019173965265713
311,medium,Priority-based,10800,49.82661290322581,76.0383064516129,0.2782258064516129,0.2895238095238095,55.823008849557525,45.9375,44.65546218487395,1.2151947504665583,1.2500824337781984
312,high,Priority-based,10800,50.677581863979846,82.22418136020151,0.1952141057934509,0.3800952380952381,50.884469696969695,44.11538461538461,51.76168224299065,1.153440463924335,0.9830528586396602
313,low,Zone batching,10800,33.965870307167236,54.737201365187715,0.13651877133105803,0.24219047619047618,48.88095238095238,32.63636363636363,27.71212121212121,1.497745059026396,1.7638834648129345
314,medium,Zone batching,10800,42.214285714285715,69.91632653061224,0.15306122448979592,0.3434285714285714,45.798283261802574,48.5,37.511210762331835,0.944294500243352,1.220922554379196
315,high,Zone batching,10800,48.370370370370374,80.12716049382716,0.1345679012345679,0.40904761904761905,47.32058287795993,41.129629629629626,53.04347826086956,1.150522951557783,0.8921093493385889
316,low,FCFS,10800,28.134426229508197,49.554098360655736,0.05573770491803279,0.2319047619047619,28.969072164948454,25.61111111111111,27.94736842105263,1.1311134467875752,1.0365581377288524
317,medium,FCFS,10800,33.60087719298246,59.30921052631579,0.03508771929824561,0.31942857142857145,38.13425925925926,26.147058823529413,30.07766990291262,1.4584531100279132,1.2678594911890586
318,high,FCFS,10800,41.3279098873592,75.87359198998749,0.10012515644555695,0.3976190476190476,45.70377358490566,28.147540983606557,34.04326923076923,1.6237217173437655,1.3425201109533085
319,low,Priority-based,10800,33.267515923566876,52.98726114649681,0.1305732484076433,0.24685714285714286,38.52325581395349,41.5,30.514150943396228,0.9282712244326142,1.2624718244795392
320,medium,Priority-based,10800,46.729119638826184,73.16252821670429,0.24153498871331827,0.2866666666666667,47.51196172248804,43.44444444444444,46.367149758454104,1.0936257173974229,1.0246901517560976
321,high,Priority-based,10800,55.640826873385016,87.89405684754522,0.3023255813953488,0.35333333333333333,54.806451612903224,48.672413793103445,59.35909090909091,1.1260269902757305,0.923303419468467
322,low,Zone batching,10800,36.234234234234236,57.03903903903904,0.14414414414414414,0.26095238095238094,37.086021505376344,48.9375,34.973214285714285,0.7578241942350211,1.06041215435337
323,medium,Zone batching,10800,66.53658536585365,97.0060975609756,0.4878048780487805,0.2342857142857143,67.00404858299595,52.0,67.88018433179724,1.2885393958268452,0.9870929085207142
324,high,Zone batching,10800,51.252720677146314,83.12091898428054,0.218863361547763,0.3992380952380952,51.369175627240146,43.01639344262295,53.35576923076923,1.1941767199930065,0.9627670328406875
325,low,FCFS,10800,30.86986301369863,52.284246575342465,0.09931506849315068,0.23647619047619048,37.93589743589744,33.22222222222222,28.078048780487805,1.1418832004116286,1.3510873826196967
326,medium,FCFS,10800,34.24557956777996,63.30058939096267,0.043222003929273084,0.35095238095238096,38.03968253968254,24.13888888888889,31.56561085972851,1.5758671708038796,1.2050988877967088
327,high,FCFS,10800,41.83686176836862,73.21170610211706,0.099626400996264,0.370952380952381,46.7942238267148,26.66,31.849246231155778,1.7552221990515677,1.469241170955545
328,low,Priority-based,10800,35.64506172839506,56.858024691358025,0.09876543209876543,0.2714285714285714,37.59756097560975,47.63157894736842,33.90582959641256,0.7893410591564479,1.1088819068325584
329,medium,Priority-based,10800,46.25,74.85087719298245,0.21052631578947367,0.3068571428571429,54.61965811965812,45.16129032258065,36.17277486910995,1.209435286935287,1.5099659430966421
330,high,Priority-based,10800,51.54591194968553,82.59748427672956,0.21132075471698114,0.3535238095238095,51.912962962962965,43.9375,52.35265700483092,1.181518360465729,0.991601304173972
331,low,Zone batching,10800,46.986531986531986,69.58585858585859,0.2760942760942761,0.19666666666666666,49.5609756097561,45.0,46.09090909090909,1.1013550135501355,1.0752874392649252
332,medium,Zone batching,10800,49.97791164658634,77.13052208835342,0.2570281124497992,0.30047619047619045,52.285714285714285,50.310344827586206,47.55844155844156,1.0392636835405855,1.0993992353904969
333,high,Zone batching,10800,51.887839433293976,83.36835891381345,0.18772136953955135,0.42219047619047617,50.63110307414105,39.55555555555556,58.25974025974026,1.2799997968181727,0.8690581668989882
334,low,FCFS,10800,28.445945945945947,50.773648648648646,0.04391891891891892,0.2361904761904762,36.294117647058826,27.53846153846154,26.01860465116279,1.3179428195859348,1.394929441208017
335,medium,FCFS,10800,34.81563126252505,60.61523046092184,0.056112224448897796,0.32285714285714284,41.724279835390945,25.17241379310345,28.651982378854626,1.657539883871695,1.4562440840457787
336,high,FCFS,10800,42.63398692810458,75.62091503267973,0.10457516339869281,0.37961904761904763,46.49411764705882,27.245283018867923,36.92574257425743,1.7065015479876162,1.2591247841139404
337,low,Priority-based,10800,37.028169014084504,57.96830985915493,0.14084507042253522,0.2302857142857143,38.616279069767444,30.3,36.659574468085104,1.2744646557679025,1.05337499493852
338,medium,Priority-based,10800,43.75420168067227,71.30042016806723,0.1407563025210084,0.32904761904761903,45.621848739495796,47.407407407407405,41.18009478672986,0.9623358718487395,1.1078616738443563
339,high,Priority-based,10800,51.919454770755884,83.81164807930607,0.21313506815365552,0.386,50.885185185185186,43.357142857142854,56.838862559241704,1.173628653365062,0.8952534039918348
340,low,Zone batching,10800,42.06730769230769,62.7724358974359,0.21153846153846154,0.2119047619047619,38.25,48.642857142857146,42.95945945945946,0.7863436123348018,0.8903743315508021
341,medium,Zone batching,10800,44.85774058577406,71.8702928870293,0.17154811715481172,0.2957142857142857,45.488188976377955,45.891891891891895,43.79679144385027,0.9912031755747845,1.038619211060156
342,high,Zone batching,10800,61.545801526717554,95.22010178117048,0.41857506361323155,0.3414285714285714,63.06769825918762,48.125,60.90045248868778,1.3104976261649377,1.0355866940545706
343,low,FCFS,10800,26.01769911504425,46.72566371681416,0.02064896755162242,0.2542857142857143,34.40217391304348,17.5625,23.264069264069263,1.9588426427355716,1.4787685474345076
344,medium,FCFS,10800,35.56172839506173,62.858024691358025,0.043209876543209874,0.2980952380952381,40.68273092369478,24.636363636363637,31.07843137254902,1.6513285614783857,1.3090342442324503
345,high,FCFS,10800,40.563870967741934,73.57548387096774,0.07483870967741936,0.4045714285714286,45.764940239043824,24.923076923076923,32.89903846153846,1.8362476021838572,1.391072273815741
346,low,Priority-based,10800,43.14950166112957,65.59468438538207,0.20930232558139536,0.2200952380952381,50.45,52.857142857142854,40.10280373831776,0.9544594594594595,1.2580167793055232
347,medium,Priority-based,10800,42.16702819956616,68.78524945770064,0.13665943600867678,0.31161904761904763,45.37826086956522,54.06896551724138,36.801980198019805,0.839266304347826,1.2330385654630311
348,high,Priority-based,10800,49.65119363395225,80.28647214854111,0.1896551724137931,0.38904761904761903,49.636182902584494,45.45283018867924,50.813131313131315,1.0920372328090404,0.9768377114314412
349,low,Zone batching,10800,41.4937106918239,63.600628930817614,0.16352201257861634,0.24047619047619048,39.82608695652174,36.89473684210526,42.65700483091788,1.0794517149413883,0.9336353340883352
350,medium,Zone batching,10800,53.49786324786325,82.44658119658119,0.3717948717948718,0.23952380952380953,59.794117647058826,56.36842105263158,45.125,1.0607733289394188,1.325077399380805
351,high,Zone batching,10800,49.992628992628994,81.47665847665847,0.18181818181818182,0.37047619047619046,48.799654576856646,41.541666666666664,55.855614973262036,1.17471585741681,0.873675002955691
352,low,FCFS,10800,26.328813559322032,47.80338983050847,0.04067796610169491,0.2361904761904762,28.893333333333334,21.636363636363637,25.87878787878788,1.335406162464986,1.116487119437939
353,medium,FCFS,10800,34.50371747211896,62.734200743494426,0.02973977695167286,0.36123809523809525,41.158490566037734,25.314285714285713,28.445378151260503,1.6258997401933644,1.4469306875505141
354,high,FCFS,10800,41.28299492385787,73.64340101522842,0.08629441624365482,0.3920952380952381,46.766666666666666,25.970588235294116,32.923809523809524,1.8007550018875047,1.4204512583164592
355,low,Priority-based,10800,34.677215189873415,55.19303797468354,0.13291139240506328,0.24857142857142858,35.78313253012048,44.5,33.82511210762332,0.8041153377555165,1.0578865907751382
356,medium,Priority-based,10800,41.62985685071575,67.1840490797546,0.12269938650306748,0.3238095238095238,43.63135593220339,49.035714285714285,38.60888888888889,0.8897873023318973,1.1300857700869993
357,high,Priority-based,10800,49.891625615763544,80.93226600985221,0.16502463054187191,0.40285714285714286,48.21178637200737,38.45454545454545,57.09345794392523,1.2537343973808064,0.844436264823177
358,low,Zone batching,10800,40.215328467153284,61.52189781021898,0.22627737226277372,0.17476190476190476,42.84507042253521,45.22222222222222,39.02061855670103,0.9474339896875108,1.0980110517796342
359,medium,Zone batching,10800,66.56929637526652,98.27292110874201,0.5501066098081023,0.16380952380952382,74.09745762711864,53.92,59.54807692307692,1.3742110094050193,1.2443299843727336
360,high,Zone batching,10800,54.391581632653065,85.89668367346938,0.2869897959183674,0.3676190476190476,56.118811881188115,45.15217391304348,52.472103004291846,1.2428817267860632,1.0694980507375127
361,low,FCFS,10800,26.085443037974684,46.59493670886076,0.0379746835443038,0.24895238095238095,31.6875,20.818181818181817,24.351111111111113,1.5221069868995634,1.301275323964227
362,medium,FCFS,10800,33.96666666666667,61.503921568627455,0.03529411764705882,0.31857142857142856,40.67364016736402,26.763157894736842,28.261802575107296,1.5197623661355288,1.4391736004549456
363,high,FCFS,10800,41.727056019070325,73.6471990464839,0.08581644815256258,0.3985714285714286,47.36347517730496,24.553571428571427,31.602739726027398,1.9289851708575114,1.4987142123724586
364,low,Priority-based,10800,31.45394736842105,52.74013157894737,0.05592105263157895,0.2695238095238095,36.741176470588236,45.333333333333336,28.230392156862745,0.8104671280276816,1.301475950685883
365,medium,Priority-based,10800,50.017699115044245,76.76106194690266,0.2676991150442478,0.2538095238095238,51.657534246575345,46.82608695652174,48.65714285714286,1.1031785400847103,1.061663945173304
366,high,Priority-based,10800,51.378843788437884,81.10209102091021,0.2029520295202952,0.3608571428571429,50.581308411214955,41.69642857142857,55.74324324324324,1.2130849126458405,0.9073980175587653
367,low,Zone batching,10800,39.953947368421055,61.85526315789474,0.18092105263157895,0.20238095238095238,42.38202247191011,45.3,38.639024390243904,0.9355854850311284,1.0968709262393097
368,medium,Zone batching,10800,45.4235807860262,71.4410480349345,0.1703056768558952,0.30333333333333334,44.76444444444444,44.83870967741935,46.24752475247525,0.998343725019984,0.9679316824853111
369,high,Zone batching,10800,49.62276214833759,80.78644501278772,0.17135549872122763,0.37895238095238093,49.664794007490634,40.25,51.31730769230769,1.2339079256519412,0.9677981219372355
370,low,FCFS,10800,23.419753086419753,45.52160493827161,0.012345679012345678,0.2633333333333333,31.428571428571427,28.25,19.85972850678733,1.1125158027812894,1.5825277479412816
371,medium,FCFS,10800,34.03030303030303,62.60808080808081,0.04040404040404041,0.3518095238095238,40.09756097560975,26.88,28.165178571428573,1.491724738675958,1.423657260823678
372,high,FCFS,10800,40.72945638432364,73.02022756005057,0.06826801517067003,0.3851428571428571,43.345588235294116,25.227272727272727,37.07881773399015,1.7182034976152623,1.1690121445150399
373,low,Priority-based,10800,36.6159169550173,57.8719723183391,0.13494809688581316,0.22133333333333333,40.65853658536585,58.333333333333336,34.318407960199,0.6970034843205575,1.1847442524874654
374,medium,Priority-based,10800,58.1484375,87.712890625,0.373046875,0.26,57.27935222672065,44.696969696969695,60.98706896551724,1.281504151513072,0.9392048707752626
375,high,Priority-based,10800,48.777101096224115,79.9074299634592,0.15956151035322777,0.37952380952380954,48.03577817531306,36.774193548387096,54.57,1.3062360731883378,0.8802598162967393
376,low,Zone batching,10800,31.201923076923077,51.58974358974359,0.08012820512820513,0.26857142857142857,38.794117647058826,35.25,28.535714285714285,1.1005423445974134,1.3594934845026874
377,medium,Zone batching,10800,45.103070175438596,72.39912280701755,0.16447368421052633,0.2957142857142857,49.53617021276596,43.59375,39.84656084656085,1.1363135819415848,1.2431730407930908
378,high,Zone batching,10800,52.41222366710013,83.49804941482445,0.20806241872561768,0.36866666666666664,49.93869731800766,44.53191489361702,60.72,1.121413652148285,0.8224423141964371
379,low,FCFS,10800,26.807692307692307,47.88461538461539,0.041666666666666664,0.2519047619047619,31.28395061728395,26.5,25.168949771689498,1.1805264383880736,1.2429581250335966
380,medium,FCFS,10800,35.922,64.692,0.048,0.33380952380952383,41.040650406504064,26.07894736842105,31.824074074074073,1.5737080882413264,1.2896101960728656
381,high,FCFS,10800,39.678378378378376,70.63513513513513,0.06486486486486487,0.3838095238095238,44.68762677484787,23.86764705882353,31.88826815642458,1.8723096861920243,1.4013814282932322
382,low,Priority-based,10800,32.4775641025641,53.56410256410256,0.10576923076923077,0.256,36.925925925925924,46.111111111111114,29.633802816901408,0.8008032128514055,1.2460744965497816
383,medium,Priority-based,10800,48.25818882466281,77.09633911368016,0.18689788053949905,0.328,54.46520146520147,44.94871794871795,40.69565217391305,1.2117186863336322,1.3383543095081556
384,high,Priority-based,10800,53.91860465116279,85.1124031007752,0.2054263565891473,0.3661904761904762,51.501960784313724,43.645833333333336,61.907407407407405,1.1799971921943,0.8319191990286992
385,low,Zone batching,10800,37.70684039087948,57.299674267100976,0.1237785016286645,0.23714285714285716,36.54545454545455,28.625,38.535545023696685,1.276697102024613,0.9483570174752071
386,medium,Zone batching,10800,56.087044534412954,88.27732793522267,0.4008097165991903,0.2509523809523809,64.41015625,51.857142857142854,46.320197044334975,1.242069128787879,1.390541499388493
387,high,Zone batching,10800,57.88956310679612,91.53155339805825,0.32038834951456313,0.36142857142857143,59.31192660550459,45.19230769230769,57.38325991189427,1.312434120632442,1.0336102671157332
388,low,FCFS,10800,30.435736677115987,53.087774294670844,0.03134796238244514,0.2866666666666667,35.96511627906977,23.11111111111111,28.607142857142858,1.556182915921288,1.2572075603170456
389,medium,FCFS,10800,32.991471215351815,60.95522388059702,0.02771855010660981,0.32352380952380955,37.70124481327801,22.70967741935484,28.84771573604061,1.660140041493776,1.3069057237754298
390,high,FCFS,10800,42.80151706700379,76.23135271807838,0.0922882427307206,0.3976190476190476,48.55078125,26.79245283018868,33.530973451327434,1.8121066241197183,1.4479383165083135
391,low,Priority-based,10800,36.2803738317757,58.09657320872274,0.1308411214953271,0.2460952380952381,44.51136363636363,35.6,33.062780269058294,1.2503192032686414,1.3462680172126802
392,medium,Priority-based,10800,47.882121807465616,76.20432220039292,0.17092337917485265,0.31952380952380954,49.41897233201581,43.46153846153846,46.69130434782609,1.1370736996747002,1.0584191858053484
393,high,Priority-based,10800,52.279038718291055,83.81174899866488,0.22963951935914553,0.34476190476190477,51.765072765072766,48.08771929824562,54.58293838862559,1.0764717794998715,0.9483746074003954
394,low,Zone batching,10800,32.9073482428115,54.47284345047923,0.08945686900958466,0.24761904761904763,38.33802816901409,35.18181818181818,31.12987012987013,1.0897113949848967,1.231551176059276
395,medium,Zone batching,10800,50.711155378486055,79.87250996015936,0.22709163346613545,0.32,53.907335907335906,51.12903225806452,46.74528301886792,1.0543390619100397,1.153214451297196
396,high,Zone batching,10800,62.256936067551266,98.81182147165259,0.4378769601930036,0.33695238095238095,63.31737588652482,47.1,63.77560975609756,1.3443179593742,0.9928149041408588
397,low,FCFS,10800,26.734265734265733,48.22027972027972,0.03496503496503497,0.24714285714285714,30.584415584415584,16.071428571428573,25.97948717948718,1.9030303030303028,1.1772524751206157
398,medium,FCFS,10800,35.57509881422925,64.40513833992095,0.039525691699604744,0.33285714285714285,41.065134099616856,25.520833333333332,30.751269035532996,1.6090828055360076,1.3353964043619215
399,high,FCFS,10800,41.892857142857146,73.42724867724868,0.07936507936507936,0.34809523809523807,45.53333333333333,25.442307692307693,35.99441340782123,1.7896699420508944,1.2650111231827823
400,low,Priority-based,10800,34.29392971246006,55.6517571884984,0.11182108626198083,0.2519047619047619,33.08695652173913,39.5,34.61971830985915,0.8376444689047882,0.9557257579509677
401,medium,Priority-based,10800,44.03813559322034,69.47457627118644,0.2266949152542373,0.3038095238095238,51.65665236051502,46.935483870967744,35.07211538461539,1.100588469536746,1.472869594377947
402,high,Priority-based,10800,50.03387703889586,80.67252195734002,0.19071518193224593,0.37438095238095237,50.69771863117871,42.49152542372882,50.485849056603776,1.193125408551872,1.0041966130813684
403,low,Zone batching,10800,27.584192439862544,46.192439862542955,0.09965635738831616,0.21523809523809523,39.875,42.35294117647059,21.96039603960396,0.9414930555555556,1.815768710550045
404,medium,Zone batching,10800,43.91891891891892,70.54677754677755,0.1787941787941788,0.3314285714285714,48.338582677165356,49.25,37.03664921465968,0.9814940645109717,1.3051553988321436
405,high,Zone batching,10800,60.54987834549878,95.42335766423358,0.42944038929440387,0.32571428571428573,60.82803738317757,49.142857142857146,62.67099567099567,1.2377798304716365,0.970593122574706
406,low,FCFS,10800,23.364820846905538,44.23127035830619,0.016286644951140065,0.25047619047619046,28.0,16.666666666666668,22.053658536585367,1.68,1.2696306126963062
407,medium,FCFS,10800,35.45995423340961,63.82837528604119,0.018306636155606407,0.33285714285714285,41.126126126126124,28.129032258064516,29.858695652173914,1.4620526489792545,1.3773584286871507
408,high,FCFS,10800,40.68276762402089,73.28067885117494,0.07571801566579635,0.38342857142857145,44.145873320537426,28.98148148148148,34.544502617801044,1.5232441912517707,1.2779420739955516
409,low,Priority-based,10800,44.349152542372885,66.15254237288136,0.22033898305084745,0.1957142857142857,50.651162790697676,48.833333333333336,41.3248730964467,1.0372251766013176,1.225682234340676
410,medium,Priority-based,10800,45.58560311284047,73.05252918287938,0.15369649805447472,0.3157142857142857,47.625498007968126,43.75675675675676,43.61946902654867,1.0884147166737619,1.0918403884967334
411,high,Priority-based,10800,51.15151515151515,82.38888888888889,0.20833333333333334,0.38704761904761903,50.766917293233085,41.824561403508774,54.77832512315271,1.2138063279002875,0.9267701628171148
412,low,Zone batching,10800,28.89855072463768,47.56159420289855,0.11231884057971014,0.21047619047619048,32.07575757575758,42.73913043478261,26.074866310160427,0.7505009402262709,1.2301408258135085
413,medium,Zone batching,10800,44.418103448275865,70.52370689655173,0.17456896551724138,0.310952380952381,46.022624434389144,49.294117647058826,41.92822966507177,0.9336331925830733,1.0976524599780133
414,high,Zone batching,10800,71.316807738815,107.83313180169287,0.6082224909310762,0.23904761904761904,71.4256880733945,55.90196078431372,74.46320346320347,1.277695577601936,0.9592078335535217
415,low,FCFS,10800,26.564814814814813,48.07716049382716,0.015432098765432098,0.2661904761904762,34.55140186915888,15.470588235294118,23.235,2.23336057709392,1.4870411822319294
416,medium,FCFS,10800,38.888663967611336,66.36842105263158,0.05668016194331984,0.32561904761904764,43.536,25.379310344827587,35.306976744186045,1.7154130434782608,1.2330707416677646
417,high,FCFS,10800,41.010512483574246,74.37450722733246,0.08409986859395532,0.3819047619047619,44.685220729366605,25.103448275862068,35.56043956043956,1.7800431334500435,1.256599223230025
418,low,Priority-based,10800,32.306501547987615,52.60371517027864,0.08668730650154799,0.2611428571428571,34.61538461538461,40.6875,30.712962962962962,0.8507621410847217,1.1270610607360683
419,medium,Priority-based,10800,58.217922606924645,88.0346232179226,0.40529531568228105,0.2604761904761905,65.52360515021459,57.064516129032256,50.87665198237885,1.148237286408509,1.2878914511298565
420,high,Priority-based,10800,55.442401960784316,86.75,0.2659313725490196,0.3597142857142857,55.42725598526704,47.345454545454544,57.522935779816514,1.1706985711173914,0.963567927016604
421,low,Zone batching,10800,33.06583072100314,52.260188087774296,0.10344827586206896,0.24523809523809523,36.28409090909091,25.533333333333335,32.27777777777778,1.4210479468312365,1.1241198560475667
422,medium,Zone batching,10800,51.215953307392994,77.9727626459144,0.2198443579766537,0.30714285714285716,48.70411985018727,47.666666666666664,55.10576923076923,1.021764752101831,0.8838297791693379
423,high,Zone batching,10800,47.55778894472362,79.46231155778895,0.15452261306532664,0.3976190476190476,46.44656488549618,41.86363636363637,52.20873786407767,1.109472776852243,0.8896320191922095
424,low,FCFS,10800,26.712903225806453,49.30967741935484,0.05161290322580645,0.2833333333333333,35.55714285714286,29.666666666666668,23.842105263157894,1.1985553772070625,1.491359192683696
425,medium,FCFS,10800,34.0921052631579,60.06798245614035,0.013157894736842105,0.31857142857142856,37.47826086956522,20.96875,32.24226804123711,1.7873388194129463,1.1623953011503843
426,high,FCFS,10800,40.504975124378106,72.16293532338308,0.08084577114427861,0.385047619047619,46.2152133580705,27.0188679245283,29.358490566037737,1.7104792653475813,1.5741685783918615
427,low,Priority-based,10800,44.13125,65.93125,0.196875,0.22095238095238096,41.8974358974359,41.3,45.00431034482759,1.0144657602284721,0.9309649581654179
428,medium,Priority-based,10800,52.70849420849421,80.9980694980695,0.2799227799227799,0.3019047619047619,51.6,43.25,55.323008849557525,1.193063583815029,0.932704151003759
429,high,Priority-based,10800,53.24350205198358,85.0766073871409,0.32147742818057456,0.30666666666666664,55.97494780793319,39.87755102040816,50.02463054187192,1.40367064615595,1.118947750370304
430,low,Zone batching,10800,39.554054054054056,59.429054054054056,0.15878378378378377,0.21333333333333335,38.57142857142857,38.42857142857143,40.0,1.003717472118959,0.9642857142857142
431,medium,Zone batching,10800,47.237735849056605,74.8754716981132,0.23018867924528302,0.32047619047619047,50.49063670411985,48.829268292682926,43.031531531531535,1.034024028406051,1.17334045308433
432,high,Zone batching,10800,52.35723114956737,83.68355995055624,0.22249690976514216,0.3942857142857143,52.51043643263757,46.035714285714285,53.56637168141593,1.1406456323614058,0.9802873479081522
433,low,FCFS,10800,28.274509803921568,49.12091503267974,0.029411764705882353,0.25647619047619047,33.3,17.529411764705884,27.22488038277512,1.899664429530201,1.223145869947276
434,medium,FCFS,10800,35.246119733924616,64.11086474501109,0.019955654101995565,0.31666666666666665,41.1417004048583,24.666666666666668,28.502732240437158,1.6679067731699309,1.4434300563821068
435,high,FCFS,10800,40.34123847167326,74.27931488801055,0.07509881422924901,0.38857142857142857,45.60323886639676,25.394736842105264,32.597883597883595,1.7957752092467116,1.3989631789886363
436,low,Priority-based,10800,38.73856209150327,61.23202614379085,0.13725490196078433,0.22666666666666666,43.50526315789474,38.8235294117647,36.396907216494846,1.1205901116427432,1.1953010979509389
437,medium,Priority-based,10800,46.26086956521739,73.29446640316206,0.2134387351778656,0.3061904761904762,50.38934426229508,38.94117647058823,42.93421052631579,1.2939861819622605,1.1736408715704647
438,high,Priority-based,10800,66.99628252788104,102.33085501858736,0.5254027261462205,0.27380952380952384,69.17407407407407,54.88333333333333,64.82608695652173,1.260383979485103,1.0670715651936309
439,low,Zone batching,10800,40.31012658227848,62.89556962025316,0.20253164556962025,0.21142857142857144,47.80769230769231,46.45454545454545,37.436123348017624,1.0291284058407346,1.2770470880026068
440,medium,Zone batching,10800,60.239263803680984,89.54601226993866,0.4171779141104294,0.23895238095238094,66.11475409836065,54.758620689655174,54.33796296296296,1.2073853078415988,1.216732289788353
441,high,Zone batching,10800,52.222509702457955,82.25743855109961,0.22121604139715395,0.35,52.77406679764243,43.016666666666666,53.55392156862745,1.2268283641451168,0.9854379521024308
442,low,FCFS,10800,25.31103678929766,46.51170568561873,0.010033444816053512,0.24571428571428572,30.679012345679013,13.76923076923077,23.921951219512195,2.228084695496241,1.2824627917749178
443,medium,FCFS,10800,35.6796875,63.794921875,0.044921875,0.33666666666666667,40.65040650406504,21.564102564102566,32.71806167400881,1.8850961399031347,1.2424454391305728
444,high,FCFS,10800,45.054120541205414,78.67650676506766,0.1045510455104551,0.38333333333333336,49.47027027027027,26.2,37.53051643192488,1.8881782545904684,1.318134546856088
445,low,Priority-based,10800,31.721362229102166,53.1764705882353,0.10526315789473684,0.2319047619047619,39.44871794871795,44.05263157894737,28.01769911504425,0.895490610544374,1.4079927758070525
446,medium,Priority-based,10800,39.50625,65.12291666666667,0.10208333333333333,0.3304761904761905,42.79059829059829,45.18181818181818,35.01877934272301,0.9470756160897006,1.221932891258538
447,high,Priority-based,10800,68.28754813863928,103.44415917843389,0.521181001283697,0.2752380952380952,69.8292220113852,50.2,68.74257425742574,1.3910203587925338,1.015807492892108
448,low,Zone batching,10800,33.79391891891892,54.91891891891892,0.10472972972972973,0.24638095238095237,32.38666666666666,40.0,33.97142857142857,0.8096666666666665,0.9533501541911971
449,medium,Zone batching,10800,44.53238866396761,70.63967611336032,0.19635627530364372,0.30714285714285716,47.83555555555556,44.2093023255814,41.30530973451327,1.0820246653807937,1.158097006486937
450,high,Zone batching,10800,54.531088082901555,86.76165803108809,0.2759067357512953,0.34809523809523807,53.11174242424242,44.13725490196079,61.16062176165803,1.2033313476838576,0.8683976861977963
